neighborhood,average_mph
Garment District,7.977064689909538
Midtown,8.152797666902877
Flatiron District,8.489456166976417
NoHo,8.720509165758767
Greenwich Village,8.752300111882535
West Village,8.84651375643554
Chelsea,8.854741303347039
Clinton,8.94349183678452
Central Park,8.948739271853428
SoHo,9.341611213123418
Little Italy,9.350418835904854
Upper East Side,9.394884621204335
East Village,9.626687760188851
Columbus Circle,9.70461944766789
Upper West Side,9.71736298469522
Carnegie Hill,9.7175409454972
Tribeca,9.730060295190986
Battery Park,9.897312945906325
Gramercy,9.936315930440909
Lower East Side,10.120107924295109
Turtle Bay,10.286999325348765
Sutton Place,10.310050002654311
Financial District,10.516833862111586
Chinatown,10.590936501540869
Tudor City,11.188294248874458
Brooklyn Heights,11.231967437006025
Stuyvesant Town,11.378863081291488
Far Rockaway,11.533832078221343
Cobble Hill,11.54145294805113
DUMBO,11.575657945985812
Boerum Hill,11.682037794520134
Downtown,11.95694362791135
Gowanus,12.078782975228972
Carroll Gardens,12.079093425876675
Harlem,12.095737965598783
Park Slope,12.152346303921233
Vinegar Hill,12.157400344255226
Prospect Heights,12.218607838274092
Fort Greene,12.22271259207877
East Harlem,12.231018987950849
Clinton Hill,12.365484191867827
Crown Heights,12.524183968103355
Navy Yard,12.650142048818036
Bedford Stuyvesant,12.668973399281597
Columbia Street Waterfront District,12.701842004969956
Wingate,12.73244231850532
Prospect Lefferts Gardens,12.771667261527538
Roosevelt Island,12.871432056790335
Astoria Heights,12.931660390748123
Arverne,13.018030811158097
Astoria,13.058344482003546
Williamsburg,13.139257052184078
Prospect Park,13.744144345693678
Morningside Heights,13.77735749737204
La Guardia Airport,13.806612832587613
Flatbush,13.903027728426073
East Flatbush,14.04045490211306
Mill Rock Park,14.149187455241119
Hunters Point,14.192176190122279
Rockaway Park,14.405231125654122
Prospect Park South,14.45490810845573
Broad Channel,14.470497628542015
Bushwick,14.503938657961763
East Elmhurst,14.5412689151081
Greenpoint,14.69303518422419
Red Hook,14.903310347066673
Belle Harbor,14.951603382828203
Ellis Island,14.981771408917082
Brownsville,15.044449713974606
Greenwood,15.154185295239165
Windsor Terrace,15.231213972388398
Ocean Hill,15.268331604739076
Rockaway Beach,15.368366642561377
Woodside,15.412704608637956
Randals-Wards Island,15.56677645086848
Jackson Heights,15.598374140511435
Roxbury,15.813448550990142
Kensington,15.98165031890127
Canarsie,16.09424108687812
Midwood,16.10938547174952
Neponsit,16.27826795099202
Howard Beach,16.30550100867668
Mott Haven,16.317112848569817
Sunset Park,16.36016378505752
Governors Island,16.421743089479296
Borough Park,16.45601259995611
Manhattanville,16.513902899250688
Blissville,16.615350634141254
Elmhurst,16.6207801342783
Liberty Island,16.659841886124244
Hamilton Heights,16.75531383743672
Port Morris,16.764208310346195
Melrose,16.813682664036524
Concourse,16.81469101995908
Flatlands,16.832503622506273
East New York,17.15080002393017
Ocean Parkway,17.160816195502527
Ridgewood,17.277156275891592
Maspeth,17.435843918980236
Rikers Island,17.65651861503068
Corona,17.689106446215522
South Bronx,17.69934401776907
Bensonhurst,17.7398078328383
St. George,17.746702389243424
John F. Kennedy International Airport,17.749789700530833
Bay Ridge,17.79710990887295
Longwood,17.827708763778983
Glendale,17.84328680331461
Ozone Park,17.879934210149877
Springfield Gardens,17.93853099622588
Woodhaven,18.000936657968207
Jacob Riis Park,18.03445106565014
Gravesend,18.073568128039838
Homecrest,18.09261259742738
Rochdale,18.231057157094376
High Bridge,18.249189965952937
Washington Heights,18.306836032643435
Hunts Point,18.380188187214298
College Point,18.397793220489454
Rosedale,18.463761562197988
Tompkinsville,18.472372703906675
Georgetown,18.488957611493184
South Ozone Park,18.518287617209374
Dyker Heights,18.521983903312684
Middle Village,18.561467333683634
Brighton Beach,18.567474657485896
Flushing,18.57531030593376
Rego Park,18.579141290906424
Laurelton,18.592989559799598
St. Albans,18.652715691963845
Bath Beach,18.658716116454986
East Tremont,18.660254679579506
Sheepshead Bay,18.68099527594346
Coney Island,18.721877799096625
Breezy Point,18.850215602984658
East Jamaica Bay Islands,18.876004823032524
Tremont,18.89339990608597
Belmont,18.965458587453753
Soundview,19.003523619318038
Marine Park,19.004867122473716
Parkchester,19.043283079142338
Old Town,19.14178600541487
Forest Hills Gardens,19.17973518514142
Flushing Meadows Corona Park,19.19892673133361
West Jamaica Bay Islands,19.22165984599404
Manhattan Beach,19.23467135666086
New Utrecht,19.257033625423688
Fort Hamilton,19.271215099279424
West Farms,19.315177233875605
Cambria Heights,19.37799459687053
Hollis,19.40463455884398
Forest Hills,19.436075095455696
Clason Point,19.448422108402536
Jamaica,19.449986147422237
Bergen Beach,19.457107571510598
Van Nest,19.498973881446375
Mill Basin,19.51813099598923
Randall Manor,19.555692488870193
Murray Hill,19.58063033123743
Bronx Park,19.605720487768654
Fort Tilden,19.622806410051524
Fordham,19.667848515541774
Morris Heights,19.693784220406766
Jamaica Estates,19.729332694067953
Unionport,19.803552963687213
Utopia,19.86392847133268
Grasmere - Concord,19.8913317497199
New Brighton,19.940581349554776
Briarwood,19.966265052857448
Stapleton,19.985251562599828
Morris Park,20.03152728804759
Kew Gardens Hills,20.032039008670832
Williamsbridge,20.056483400445018
Lighthouse Hill,20.06654867238636
Silver Lake,20.083856912273212
West Brighton,20.119022624944545
University Heights,20.13378538235769
Castle Hill,20.182282138384252
Jamaica Hills,20.18758566041327
Emerson Hill,20.213566813199705
Richmond Hill,20.27074910137083
Todt Hill,20.309907257344662
Queens Village,20.323261184882544
Kew Gardens,20.539902475007484
Westchester Heights,20.56861815779773
Hillcrest,20.573156513409298
Pomonok,20.64074938591558
Grymes Hill,20.659845818661342
Grant City,20.755429683605822
Auburndale,20.78718450570871
Sunnyside,20.809259013130024
Marble Hill,20.899629092176138
Gerritsen Beach,20.931580496087385
Bedford Park,20.957085100452616
Arrochar,20.98530226856136
Fresh Meadows,21.03900153353962
Richmond Town,21.097369214348227
Port Richmond,21.10809669139609
New Springville,21.123752359610332
Clifton,21.221333214138266
Holliswood,21.27757926820661
Kingsbridge,21.347853668272553
Whitestone,21.37741833747679
Clove Lake,21.39608375273595
Rosebank,21.425869663440096
Floyd Bennett Field,21.51031693853428
Inwood,21.535252683674255
Castleton Corners,21.55869561606457
Floral park,21.568004930341246
La Tourette Park,21.802333664425234
Dongan Hills,21.80834364474457
Norwood,21.838369469600174
Great Kills,21.840726363027564
Park Hill,21.851351033213046
Oakland Gardens,21.854438858859762
South Beach,21.904610961312894
Pelham Gardens,21.93495122471477
Malba,21.952087817936256
Bellerose,21.961118055745082
Bayside,21.967512607875218
Wakefield,22.055485639517162
Fort Wadsworth,22.106561210584804
Elm Park,22.11057047398744
New Dorp,22.175643405545053
Westerleigh,22.231294371963536
Baychester,22.28122445908071
Bay Terrace,22.407230808226856
Eltingville,22.462258804279198
Pelham Bay,22.78111252054538
Oakwood,22.835341460171538
Midland Beach,22.842721623167208
Willowbrook,22.885213130378883
Glen Oaks,22.985162804818714
Co-op City,22.994382367045905
Spuyten Duyvil,23.06413476547187
Shore Acres,23.15074774179533
Douglaston-Little Neck,23.15946705869083
Eastchester,23.180346763813745
Heartland Village,23.19963935387753
Riverdale,23.235711313186087
Throggs Neck,23.256219583048917
Fieldston,23.45149400089564
Bulls Head,23.472770676601755
Woodlawn,23.54490882151343
North Riverdale,23.55942161981445
New Dorp Beach,23.62818948009225
Graniteville,23.868572755383454
Meiers Corners,23.895625031560744
Mariner's Harbor,24.047012669956306
Country Club,24.25303555216166
Annadale,24.442853046561307
Van Cortlandt Park,24.456185050562496
Woodrow,24.521486832833382
Richmond Valley,25.54361189534859
Greenridge,25.683764399329203
City Island,25.721321738388593
Pelham Bay Park,25.8300563920734
Rossville,25.873982352530398
Prince's Bay,25.91077212654881
Fresh Kills Park,25.93154593133088
Fresh Kills,26.017176452744433
Arden Heights,26.428920539392838
Huguenot,26.556324327830154
Pleasant Plains,27.109500235448404
Port Ivory,27.65669329702425
Bloomfield,27.777176001532077
Tottenville,29.404884454268384
Chelsea-Travis,29.96184663592151
Hart Island,30.52063624147042
Charleston,34.662649665357094
