neighborhood,area
John F. Kennedy International Airport,8.122571353177289
East New York,6.666525464444796
Astoria,5.071246359641867
Jamaica,4.362130997274338
Pelham Bay Park,4.12459784187909
Williamsburg,3.8358631894801656
Far Rockaway,3.721633194270251
Maspeth,3.4660311633853462
Bayside,3.4263294648368676
Canarsie,3.2237488901241327
Bloomfield,3.1926192498619708
Throggs Neck,3.1772627841712264
Great Kills,3.0156271357210076
Douglaston-Little Neck,2.9368249544131566
Whitestone,2.8739297423168826
Bedford Stuyvesant,2.8527837972525236
East Jamaica Bay Islands,2.806746782644055
East Flatbush,2.757516334360365
South Ozone Park,2.7228149967368616
Glendale,2.5557687367695774
Queens Village,2.5521950137911027
Williamsbridge,2.5062652960684657
West Jamaica Bay Islands,2.493138996739612
Flushing,2.466177139223829
Floyd Bennett Field,2.4584592180752365
Sheepshead Bay,2.4454499044815945
Howard Beach,2.4341907512468133
Forest Hills,2.369840787226358
Marine Park,2.3631463582575365
College Point,2.3629633278343696
Sunset Park,2.3159369743103984
Ozone Park,2.2795190459434154
Washington Heights,2.199915430191702
Murray Hill,2.173451552348233
Oakland Gardens,2.09271906743845
Crown Heights,2.080997370157898
Gravesend,2.0506529546217696
Upper West Side,2.041176188604637
Flatbush,2.0280410766850365
East Elmhurst,1.9978800347457382
Bushwick,1.9973143913421967
Fresh Kills Park,1.9918624663840838
St. Albans,1.9913416095942438
Rosedale,1.9713405301799887
Bellerose,1.954723010742222
Bath Beach,1.9542534391446253
Eltingville,1.9415757157916562
Auburndale,1.9036304127380295
Flushing Meadows Corona Park,1.8828111590468
Kew Gardens Hills,1.8608029020394417
Fresh Meadows,1.8589227854462251
Hunts Point,1.8468538271960384
Soundview,1.8332741897199996
Springfield Gardens,1.8128263455814104
Van Cortlandt Park,1.804567486176077
Rossville,1.7861638915745337
Laurelton,1.771336711553633
Bensonhurst,1.7447949301238974
Prince's Bay,1.7447074661751876
Port Ivory,1.7436067094829732
Upper East Side,1.7295222103076262
Coney Island,1.7191241745494101
Huguenot,1.7159760336410808
South Bronx,1.678644952488663
East Harlem,1.6529201975502454
Borough Park,1.6482560970702473
Ridgewood,1.6454114857173854
Heartland Village,1.6429593996046918
Charleston,1.6334727824658313
Greenwood,1.6258069681225533
Flatlands,1.6223283994406752
Willowbrook,1.6093824646961925
Middle Village,1.5585712433146206
Breezy Point,1.5505841733753358
Hollis,1.541439581471714
Richmond Hill,1.5403769665910156
Emerson Hill,1.5389283686159254
Chelsea-Travis,1.5035660649523985
West Brighton,1.4945548800724406
Elmhurst,1.4937113884649977
Midwood,1.4829564363355625
Greenpoint,1.446954432912161
Rochdale,1.4415379029364535
Todt Hill,1.4366352543396432
Bay Ridge,1.417763087431275
Harlem,1.3932200483766068
Concourse,1.3763808318114543
Corona,1.3611506224457663
La Guardia Airport,1.3476630965040068
Oakwood,1.3383824160796276
Fresh Kills,1.321973841902764
Tottenville,1.3113819708147332
Central Park,1.2847650984960493
Annadale,1.2727383476204628
Fort Hamilton,1.2460734507746887
Dyker Heights,1.244312639418847
Woodside,1.219537569033761
Pleasant Plains,1.1981320869533731
Brownsville,1.1850428189999476
Wakefield,1.1757580681293904
Red Hook,1.175663721656513
Ocean Parkway,1.1686953488545782
La Tourette Park,1.1592740352010575
New Springville,1.1369336519720914
Hunters Point,1.1210124416557294
Pelham Bay,1.1192761192598104
Bulls Head,1.1173957263505219
Morris Park,1.1165213877103395
Port Richmond,1.1126939484808036
Lower East Side,1.0964698276910956
Mariner's Harbor,1.0942510690569756
Park Slope,1.0878741134263028
Pelham Gardens,1.0715160168553366
Inwood,1.0609920454462551
Bronx Park,1.059189358738775
Glen Oaks,1.0464879891941359
Richmond Town,1.04376867949898
South Beach,1.0437675677787899
Randals-Wards Island,1.0408955386982086
Arverne,1.012527313486799
Woodlawn,1.0065763445722522
Mott Haven,0.9990477297044515
Bedford Park,0.9801403583002501
Co-op City,0.9647942138234618
Midland Beach,0.9592673601930838
Richmond Valley,0.9473664959589845
Cambria Heights,0.9450001729022873
Arden Heights,0.9381476878894153
Rego Park,0.9292560104706833
Chelsea,0.9271355841811998
Rockaway Park,0.9047554893513683
Floral park,0.9043773277276382
Castle Hill,0.8856988989967012
Prospect Park,0.8677158564967546
Kensington,0.862438653216039
Mill Basin,0.8617007041289054
Rosebank,0.8561111820574555
Greenridge,0.8556884881628638
Rikers Island,0.8345032742005646
Woodhaven,0.8341555201873116
University Heights,0.8288558579203982
Broad Channel,0.8197228207544522
Grymes Hill,0.815209989253518
Jamaica Estates,0.8074013364574794
Jacob Riis Park,0.7921756855033271
Bergen Beach,0.7758148538312586
Briarwood,0.7628207489074335
Hillcrest,0.7599959468149452
Riverdale,0.7569849242417714
Fort Greene,0.7350533317377901
Jackson Heights,0.734746412493741
Kew Gardens,0.7328997491705678
Castleton Corners,0.73210997842086
Port Morris,0.7067053902163195
Midtown,0.7045262247294126
North Riverdale,0.7039288504016948
City Island,0.6975479519848929
Eastchester,0.6966535134109678
East Village,0.6959523351878258
Gowanus,0.6918278720726273
St. George,0.6890863140539663
Clinton,0.6878175467194255
Grasmere - Concord,0.6697141093796337
High Bridge,0.6688084657620066
Westchester Heights,0.6685930467759571
Randall Manor,0.6660989117793555
Hamilton Heights,0.6637051455021438
Manhattan Beach,0.6624502809282561
Baychester,0.6557309549632437
Fort Tilden,0.655187964361878
Morningside Heights,0.6541554784440258
New Dorp,0.6537682070628685
Ocean Hill,0.645094205283157
Stapleton,0.6401127189193465
East Tremont,0.6399631487547068
Financial District,0.6389787012897412
Unionport,0.633489018511297
Clason Point,0.6306807444704475
Homecrest,0.6302573978803319
Graniteville,0.6277227690569048
New Dorp Beach,0.6161621038469993
Longwood,0.5871021351010378
Melrose,0.5750402284892063
Gramercy,0.5727070986213144
Brighton Beach,0.5727017151408513
Spuyten Duyvil,0.5701369875999877
Kingsbridge,0.5543164043944038
Old Town,0.5527842917609497
Morris Heights,0.5510929174946273
Clinton Hill,0.5490320319592368
Grant City,0.5431423483176288
West Village,0.5340168518061063
Woodrow,0.5338943555382764
Lighthouse Hill,0.533486780914486
Meiers Corners,0.5278361536845874
Parkchester,0.5199996936571507
Belle Harbor,0.5137658414649328
Country Club,0.5096860916885065
Rockaway Beach,0.509591151978182
Arrochar,0.5089328043682835
Tribeca,0.5065192193469455
Butler Manor,0.5029986930824949
Flatiron District,0.5020431472878074
Fort Wadsworth,0.4986081808395277
Bay Terrace,0.4948148477054782
Tremont,0.4932308719575545
Norwood,0.47878621299451274
Georgetown,0.4676375305689277
Brooklyn Heights,0.46312641320857084
Wingate,0.46302875866343396
Prospect Lefferts Gardens,0.4625833077798468
Silver Lake,0.4614305765074993
Fieldston,0.45654546965823767
Greenwich Village,0.4533651095261202
Roosevelt Island,0.45333150786769216
Fordham,0.4490064069834017
Van Nest,0.4427687314145725
Belmont,0.42031278040582115
Tompkinsville,0.4148149344226036
Governors Island,0.41225789091877174
Columbus Circle,0.4119459668935812
Holliswood,0.4107841389037717
New Brighton,0.40959153807217874
Jamaica Hills,0.39617327666614444
Windsor Terrace,0.3930054875471165
Clove Lake,0.3722964289836437
New Utrecht,0.3721956133751152
Downtown,0.36950881224787907
Westerleigh,0.36117170840873897
SoHo,0.3551624944486162
Sunnyside,0.3442579859238593
West Farms,0.3402484623552133
Prospect Heights,0.33193272970608695
Gerritsen Beach,0.32696528180607276
Park Hill,0.32426412047014164
Hart Island,0.3137978375728714
Garment District,0.3096300802682893
Dongan Hills,0.3017395890068715
Columbia Street Waterfront District,0.29994336999044535
Turtle Bay,0.28534300699342197
Manhattanville,0.28412240329562594
Carroll Gardens,0.2680848593932004
Astoria Heights,0.26784977116660286
Battery Park,0.2555411134706748
Forest Hills Gardens,0.2517028836201057
Blissville,0.23904451733336177
Malba,0.2355536561961718
Neponsit,0.23318712174204623
Navy Yard,0.23087403138930618
Boerum Hill,0.23038338945650488
Pomonok,0.2264356969455751
Sutton Place,0.19239525479872333
Elm Park,0.18733098318857966
Tudor City,0.18623612332073705
Utopia,0.17287607079403391
DUMBO,0.16369524111051237
Stuyvesant Town,0.16158053905541384
Clifton,0.15406345669285476
Carnegie Hill,0.1493295103437482
Cobble Hill,0.13280453012362414
Chinatown,0.12812051504755748
Marble Hill,0.12606461829116086
Roxbury,0.11607214346762282
Little Italy,0.10014432223137626
NoHo,0.09043358124853085
Prospect Park South,0.08574713663860817
Vinegar Hill,0.07787886331095824
Shore Acres,0.06720795292489355
Mill Rock Park,0.03429234276181603
Liberty Island,0.02266507751235571
Ellis Island,0.0076969229797692815
